{
  "hash": "e206c3a6",
  "configHash": "cb31a83a",
  "lockfileHash": "1f09a08a",
  "browserHash": "4e305656",
  "optimized": {
    "@angular/common": {
      "src": "../../../../../../node_modules/@angular/common/fesm2022/common.mjs",
      "file": "@angular_common.js",
      "fileHash": "9da4f7c0",
      "needsInterop": false
    },
    "@angular/core": {
      "src": "../../../../../../node_modules/@angular/core/fesm2022/core.mjs",
      "file": "@angular_core.js",
      "fileHash": "2f0f6570",
      "needsInterop": false
    },
    "@angular/forms": {
      "src": "../../../../../../node_modules/@angular/forms/fesm2022/forms.mjs",
      "file": "@angular_forms.js",
      "fileHash": "419ea9e9",
      "needsInterop": false
    },
    "@angular/platform-browser": {
      "src": "../../../../../../node_modules/@angular/platform-browser/fesm2022/platform-browser.mjs",
      "file": "@angular_platform-browser.js",
      "fileHash": "d35493ab",
      "needsInterop": false
    }
  },
  "chunks": {
    "chunk-RQHRVL7K": {
      "file": "chunk-RQHRVL7K.js"
    },
    "chunk-OO26ZMFC": {
      "file": "chunk-OO26ZMFC.js"
    }
  }
}